,Accuracy,f1 macro,l2 score
Training set,0.4859038142620232,0.4264127803769344,1.2039184228271258
Test set,0.43283582089552236,0.4055602974877068,1.1329528187670652
