,Quiz,HW,Participation,Midterm,Predicted final exam grade,CI lower,CI upper,PI lower,PI upper
0,18,19,5,95,90.85376010712676,89.25000785507676,92.45751235917676,65.03456669485195,116.67295351940157
1,8,11,5,60,56.06867192832385,51.876381412864696,60.26096244378301,29.96055007054732,82.17679378610038
2,19,20,3,50,59.553330874188774,56.284938492381166,62.82172325599638,33.57755146459343,85.52911028378412
3,17,6,0,85,69.87218467322361,61.55807280947013,78.1862965369771,42.794829129199265,96.94954021724797
4,12,19,5,65,68.49636097987694,65.66389987482647,71.32882208492741,42.571825051800545,94.42089690795333
